15five,110985216
1812,7020544
1stlightenergy,12673024
aaronco,9519104
acl,27066368
acmcommunity,95281152
acquia,193429504
acquiasydtest,9641984
acton,484900864
actuate,18464768
adamsapple,14516224
adaptiveinsights,126877696
adar,12886016
adeptia,9740288
adp,120750080
adriennescave,8404992
adsensa,7200768
advancedmd,8560640
aerohive,73039872
aeropress,6766592
alexisokta,7012352
alextesthub,9576448
alfresco,18604032
aliacode42,10149888
alitive,10698752
aliyaokta,7069696
allocadia,47316992
aloni,9175040
alycia-symantec,7045120
amtdirect,14557184
anand,7036928
andrea-turnto,6635520
andrew-turnto,6610944
andrey,8372224
annedemo,9289728
apigee,12427264
apminsiders,7946240
app,59023360
applause,43237376
apprenda,45187072
apttus,8273920
apttustest,7372800
armanino,37101568
arrowsi,177545216
articulate-insiders,188096512
articulatetest,9076736
aryaka,26935296
ashleyokta,8904704
asigra,58695680
astutesolutions,17924096
atlassian,57679872
attask,493608960
avalara,11304960
awesome,6750208
axwaydemo,7258112
babanahub,7299072
bananalyn,9928704
bankerstoolbox,38723584
bbbst,8970240
bbchampions,301514752
billdotcom,183369728
billtrust,53526528
blackberry,91660288
blackduck,15917056
blackline,22183936
bluecat,75415552
bluemix,16392192
bluewolf,53035008
bmc,926498816
bobloblaw,6766592
bomgar,595124224
boulder,10747904
box,23117824
brainshark,886087680
brightpearl,819265536
brightpearl-adam,11190272
brightpearl-selena,9715712
brightpearlsb,20054016
bronto,12288000
buffini,7708672
bullhorn,16670720
businessolver,8822784
businessolverdemo,6733824
byrnescommunications,7700480
carouselindustries,12091392
cassified,8069120
catlovers4life,8364032
centrify,11329536
ceridian,1881874432
ceridiansandbox,7307264
chadhorenfeldt,10076160
chitral,7847936
cielo,28688384
cija,7708672
clari,16449536
clarizen,66494464
clearcare,60555264
clearfit,15818752
clearslide,75464704
cloudbees,34840576
cloudelements-demo,8290304
cloudon,92528640
cloudwords,33775616
code42software,141975552
coincongress,7151616
commonangels,13025280
communityforce,30334976
computersupport,8445952
conductor,31662080
connectandsell,22290432
connectfirst,13041664
contactatonce,635879424
coolnewhub,8142848
coreycode42,8273920
couchdb,16228352
coupa,12754944
courtney-ironmountain,7151616
covidien,9273344
cox,8339456
crazydomains,177987584
credibly,7200768
customerengagementzone,37175296
customerreferenceforum,20848640
cvent,354377728
cventsb,9551872
dancode42,8044544
datadotcom,100999168
dazzmobile,9314304
deliciousliving,54566912
deltek,27795456
demandbase,41541632
demandgen,7602176
demandspring,8896512
demo,18554880
demohub,7364608
desk,15564800
destin-veracode,6733824
devcommunitymvp,6987776
devhub,8167424
devmvp,7397376
devolutions,7413760
dianaokta,6717440
discoursetest,8413184
distilnetworks,17432576
docusign,329023488
donburi,179503104
doubledutch,33259520
druva,466706432
dusanshi,6971392
dynatrace,20996096
eastwick,89833472
easycleanenergy,12017664
ebay,7036928
echosign,64421888
ecobee,1346461696
edmodo,171524096
edmododemo,8241152
egencia,8568832
ektron,63832064
elishaokta,7708672
eloqua,151871488
embed,11894784
embedpatrick,8790016
emceventegos,9535488
emilyokta,8249344
emma,8470528
engineyard,51175424
enterasys,46800896
epicorsoftware,13189120
epn,12664832
ericcode42,9486336
erickayorkokta,8019968
esiinternational,27582464
evault,6782976
eventboard,15319040
evolveip,35201024
explorics,9412608
ezidebit,57638912
fbreview,7380992
fico,8970240
findbetter,15843328
firstcal,11853824
firstcomm,8364032
firstround,9248768
five9,68952064
fliptop,12926976
fnts,8126464
fonality,31457280
forrester,694853632
freshbooks,11452416
frost,28450816
futurelearndemo,7618560
fuze-demo,6955008
g2crowd,8642560
g5,45105152
gainsight,60768256
gainsight-demo,8101888
genesys,47046656
genesys-sandbox,102531072
genologics,33923072
getcake,38723584
gfs,8732672
glowpoint,10698752
goatpeople,7888896
gooddata,50470912
googledemo,16293888
grasshopper,18251776
greenbiz,21700608
haileyokta,6979584
hakan,8364032
halogen,62472192
halogendemo,8028160
hatchbuck,13541376
heinzmarketing,39780352
hirevue,8855552
homeaway,27402240
homestars,23986176
hongtai-insightpool,6791168
hooked,9641984
hoopla,279674880
hootsuite,588013568
hootsuitedemo,8847360
hortonworks,11575296
hostanalytics,9453568
hpadm,76840960
hpitsm,484220928
hpsweducation,25894912
hubspot,229056512
ibm,14745600
ibmchampion,7331840
icompass,712695808
impactgroup,23937024
inflseeder,12541952
influencehr,21864448
infoblox,16916480
innroad,18972672
insidesales,12271616
insideview,56328192
insightpool,20324352
insightsquared,142295040
insurity,8404992
intalio,41320448
intronis,48037888
intuitquickbase,94158848
invisaligndemo,7282688
iovation,29507584
ironmountain,267739136
irwin-buffini,6717440
iskander-quorum,6930432
jbdemo,9445376
jda,435019776
jjco,8617984
johnsonville,8470528
joinme,12271616
jonnewman,8527872
josh-seagate,6873088
juliaopendns,70844416
jumio,128516096
junctionsolutions,106971136
jwplayer,14974976
kace,416628736
kapost,9478144
klipfolio,62652416
knowledgevision,20176896
kontagent,8503296
kristophcode42,8224768
kubotek,50520064
laryssacode42,8945664
laurenokta,8871936
learntolevitate,13688832
leonardo,693821440
leveleleven,15720448
lightspeed,7553024
limelight,17129472
linkedin,91594752
liveintent,10125312
liz-test,7045120
logmein,9142272
loopup,7610368
lotame,13574144
loyallawyers,7176192
macadamian,11952128
madmen,7987200
makspeaks,9166848
marie,11010048
marketbridge,10567680
marketingcloud,28475392
marketo,404307968
marketo-sandbox,8273920
matt,8994816
maxsold,455499776
membersolutions,8314880
mercurylabs,13254656
messagesystems,17276928
mhiglobal,10469376
michelleokta,7512064
microsoftmvp,8568832
mindjet,8871936
misysdemo,8429568
mitel,3693805568
mobify,48128000
modeln,12099584
mogiv,10944512
monetate,53100544
moneytips,152354816
mongodb,15474688
montage,8650752
mozilla,9191424
muddyboots,8257536
mulesoft,260505600
muskokawoods,8806400
myemma,11755520
myhealthop,102899712
namely,19456000
nanawall,43343872
navcode42,9256960
netbase,54992896
netfactor,52674560
netprospex,26198016
neustar,40378368
newrelic,9216000
nexmo,7979008
nginx,9478144
nicko,9953280
nickobrecht,8290304
nlyte,22003712
noamcode42,9232384
northpoint,8953856
novell,8724480
nrc,8380416
nutanix,6799360
nwnit,8724480
nxtbookmedia,9928704
ohmega,9969664
okta,295452672
okta-sandbox,6881280
on-site,175022080
onecallnow,60776448
onelogin,10764288
opendns,585129984
opendnstest,9601024
opensesame,8167424
openview,8478720
opsbridgeinsiders,7692288
opt14,10436608
opt29,10919936
optimizely,41451520
oraclepartners,8773632
oraclesocial,8118272
orangeleafky,8880128
ourcrowd,25493504
owendemo1,7634944
owendemo2,7561216
owncloud,82386944
pandemic,47276032
pandemicintro,16859136
parchment,26525696
pardot,8331264
paulsimon,12034048
paychex,133816320
paysimple,72531968
pedowitzgroup,8609792
peoplematter,37994496
pgi,197918720
phto,10043392
pingidentity,30900224
pinnacleprivatewealth,10084352
pitneybowes,10330112
plangrid,29163520
pmktg,8028160
pointofreference,8265728
ppminsiders,96026624
predictablerevenue,98910208
predixion,12378112
predixionsoftware,8314880
procurify,8544256
prosdemo,7110656
prounlimited,36069376
public,268541952
pulsesecure,9773056
purematter,8462336
quantum,8077312
quorum,185819136
qvidian,28147712
rachel-seagate,7274496
rapid7,12517376
readytalk,353370112
recombo,10731520
recruitloop,64495616
referrals,10821632
reflexis,8060928
relayventures,8757248
reltio,393388032
replicon,8790016
revegy,89374720
revtalks,17637376
rgishub,8421376
riseinteractive,8511488
rivs,37773312
rocketfuel,14155776
roi,9789440
rolepoint,8388608
rxvantage,8462336
sachin,7299072
salesforce1platform,7757824
salesforcedevs,194871296
salesloft,10641408
samanage,77070336
samanthacode42,9338880
sarah-symantec,6856704
sas,43679744
saucelabs,62169088
saucelabs-sandbox,7143424
savo,37560320
scholarswag,9191424
schooladmin,8437760
sciencescape,9953280
scottdemohub,9142272
scrapple,7626752
scto,8888320
sdl,33628160
sdsummit,25018368
seema,8167424
seismic,18800640
selectica,13418496
selena,8634368
shannon,7766016
shareologybook,110764032
shobhit,9289728
shoretel,140795904
signatureworldwide,214630400
siia,9502720
silanis,41304064
silvercar,9330688
siriusdecisions,9175040
skyhighnetworks,24313856
sleetergroup,127492096
slideshark,8527872
smallimprovements,8896512
smartbear,27238400
smartenterprise,64274432
smartling,77348864
smartrecruiters,9846784
smarttech,1190133760
smashfly,10117120
snacknation,17825792
socrata,9314304
springcm,24100864
stackmob,8708096
staples,20922368
stephaniecode42,10002432
strongview,12214272
success,9641984
sunpowerdemo,7323648
superpughub,6930432
sureshotmedia,8912896
swarm,10485760
symantec,6537216
symantec-sandbox,7151616
symantecgold,16736256
tagetik,33136640
tahahub,8388608
talentwise,10076160
tangocard,23150592
tcsociety,42639360
techcrunch,9822208
template,8413184
termsync,6635520
testb2bmachine,9191424
testhub,6905856
testing123,6758400
theclub,9363456
thesandbox,7905280
thestarrconspiracy,14565376
tintri,158130176
tophat,11862016
torontorb,9445376
totango,15900672
touchbistro,37117952
trackmaven,15941632
transfast,8511488
trelora,133136384
tribehr,9109504
trinet,11485184
tripleseat,43556864
truman,8970240
turnto,9060352
twitter,22167552
uberflip,95150080
ultimatesoftware,9256960
uptimesoftware,75677696
veeaminsiders,7192576
veracode,36331520
verafin,468353024
verint,7847936
versaic,8994816
vht,6782976
vip,3303227392
viproom,8396800
virginpulse,42385408
vpprn,59949056
wegohealth,96944128
welcome,9797632
windward,12378112
winward,6963200
worketc,107282432
wrike,488505344
xactly,1379147776
xcmsolutions,54378496
yesware,9273344
zama,8241152
zapproved,20545536
zealots,8257536
zend,14819328
zendeskdemo,8192000
zenpayroll,38518784
zenpayroll-parnter,7462912
zenpayroll-partner,9674752
zerto,128499712
zscaler,10944512
zymesolutions,8609792
